id,alter,kategoriealter,geschlecht,bsz,bszkat,bszkat2,sorgen,sorgenkat,verzicht,verzicht-cat,preis,preis-cat,nachttisch,nachttisch-cat,tagohnehandy,tagohnehandy-cat,facebook,faceb-cat,insta,insta-cat,schutzmechanismen,tutetwas,tutetwas-cat
4,30,6,Maennlich,2h-3h,3,9,Stimmt ganz,1, 20 CHF,1,Mehr als 20 CHF,5,Ja,1,Stimmt,1,Nein,4,eher Nein,3,1,Aktiv sicherer Messenger,1
5,15,2,Maennlich,4h-5h,5,25,Stimmt gar nicht,4, 100 CHF,2,Mehr als 20 CHF,5,Nein,4,Stimmt eher ,2,eher Nein,3,eher Ja,2,1,Kein sichererer Messenger aber sonstige Schutzmassnahmen,2
6,14,2,Maennlich,4h-5h,5,25,Stimmt eher,2, über  100 CHF,3,6-10 CHF,3,Ja,1,Stimmt nicht,4,Nein,4,Nein,4,0,Gar keine Massnahmen,3
7,15,2,Maennlich,4h-5h,5,25,Stimmt eher,2, 100 CHF,2,3-5 CHF,2,Ja,1,Stimmt eher ,2,eher Nein,3,eher Ja,2,1,Aktiv sicherer Messenger,1
8,32,6,Maennlich,1h-2h,2,4,Stimmt ganz,1, über  100 CHF,3,Mehr als 20 CHF,5,Ja,1,Stimmt eher nicht,3,Nein,4,Nein,4,1,Aktiv sicherer Messenger,1
9,16,3,Weiblich,2h-3h,3,9,Stimmt eher,2, 20 CHF,1,Ich würde auf die App verzichten,0,Nein,4,Stimmt,1,Weiss nicht,0,Ja,1,1,Kein sichererer Messenger aber sonstige Schutzmassnahmen,2
10,16,3,Maennlich,3h-4h,4,16,Stimmt eher nicht,3, über  100 CHF,3,Mehr als 20 CHF,5,Ja,1,Stimmt eher ,2,eher Ja,2,Ja,1,1,Kein sichererer Messenger aber sonstige Schutzmassnahmen,2
11,16,3,Maennlich,4h-5h,5,25,Stimmt eher,2, über  100 CHF,3,Ich würde auf die App verzichten,0,eher Nein,3,Stimmt,1,Nein,4,Nein,4,1,Aktiv sicherer Messenger,1
12,18,4,Maennlich,2h-3h,3,9,Stimmt eher nicht,3, 5 CHF,1, 1-2 CHF,1,eher Nein,3,Stimmt,1,Nein,4,eher Nein,3,1,Aktiv sicherer Messenger,1
13,18,4,Maennlich,Mehr als 5h,6,36,Stimmt eher nicht,3, über  100 CHF,3,Mehr als 20 CHF,5,Ja,1,Stimmt,1,eher Nein,3,eher Nein,3,1,Kein sichererer Messenger aber sonstige Schutzmassnahmen,2
14,18,4,Maennlich,3h-4h,4,16,Stimmt eher nicht,3, 100 CHF,2, 1-2 CHF,1,eher Ja,2,Stimmt,1,Nein,4,Nein,4,1,Kein sichererer Messenger aber sonstige Schutzmassnahmen,2
15,16,3,Weiblich,4h-5h,5,25,Stimmt eher nicht,3, über  100 CHF,3,3-5 CHF,2,eher Ja,2,Stimmt eher nicht,3,Nein,4,eher Ja,2,0,Gar keine Massnahmen,3
16,21,5,Maennlich,3h-4h,4,16,Stimmt eher nicht,3,Würde ich auch gratis machen,0,Ich würde auf die App verzichten,0,eher Ja,2,Stimmt,1,Nein,4,Nein,4,1,Kein sichererer Messenger aber sonstige Schutzmassnahmen,2
17,17,3,Maennlich,Mehr als 5h,6,36,Stimmt eher nicht,3, 100 CHF,2,11-20 CHF,4,Ja,1,Stimmt eher nicht,3,Nein,4,eher Nein,3,1,Kein sichererer Messenger aber sonstige Schutzmassnahmen,2
18,20,5,Weiblich,1h-2h,2,4,Stimmt eher,2,Würde ich auch gratis machen,0,6-10 CHF,3,eher Ja,2,Stimmt,1,Nein,4,eher Nein,3,1,Aktiv sicherer Messenger,1
19,16,3,Weiblich,2h-3h,3,9,Stimmt eher nicht,3,Würde ich auch gratis machen,0,3-5 CHF,2,eher Nein,3,Stimmt,1,Nein,4,eher Ja,2,1,Kein sichererer Messenger aber sonstige Schutzmassnahmen,2
20,17,3,Maennlich,Mehr als 5h,6,36,Stimmt eher,2,Würde ich auch gratis machen,0,3-5 CHF,2,eher Ja,2,Stimmt,1,Nein,4,Nein,4,1,Aktiv sicherer Messenger,1
21,16,3,Maennlich,2h-3h,3,9,Stimmt eher nicht,3,10 CHF,1,Mehr als 20 CHF,5,eher Nein,3,Stimmt,1,Nein,4,eher Nein,3,1,Kein sichererer Messenger aber sonstige Schutzmassnahmen,2
22,19,4,Weiblich,4h-5h,5,25,Stimmt eher,2, über  100 CHF,3,3-5 CHF,2,eher Ja,2,Stimmt,1,Nein,4,Nein,4,1,Aktiv sicherer Messenger,1
23,16,3,Weiblich,2h-3h,3,9,Stimmt eher,2,Würde ich auch gratis machen,0,Ich würde auf die App verzichten,0,Ja,1,Stimmt,1,Nein,4,Nein,4,1,Kein sichererer Messenger aber sonstige Schutzmassnahmen,2
24,18,4,Weiblich,3h-4h,4,16,Stimmt eher,2, über  100 CHF,3,6-10 CHF,3,Nein,4,Stimmt nicht,4,Ja,1,eher Ja,2,0,Gar keine Massnahmen,3
25,20,5,Weiblich,3h-4h,4,16,Stimmt eher,2,Würde ich auch gratis machen,0, 1-2 CHF,1,Ja,1,Stimmt,1,Nein,4,Nein,4,0,Gar keine Massnahmen,3
26,17,3,Weiblich,1h-2h,2,4,Stimmt eher,2,Würde ich auch gratis machen,0,Ich würde auf die App verzichten,0,Nein,4,Stimmt,1,eher Nein,3,eher Nein,3,1,Kein sichererer Messenger aber sonstige Schutzmassnahmen,2
27,42,6,Maennlich,weniger als 1h,1,1,Stimmt eher,2,Würde ich auch gratis machen,0,3-5 CHF,2,eher Nein,3,Stimmt eher ,2,Nein,4,Nein,4,1,Aktiv sicherer Messenger,1
28,18,4,Maennlich,2h-3h,3,9,Stimmt gar nicht,4, über  100 CHF,3,Mehr als 20 CHF,5,Ja,1,Stimmt nicht,4,Nein,4,eher Ja,2,1,Kein sichererer Messenger aber sonstige Schutzmassnahmen,2
29,16,3,Maennlich,2h-3h,3,9,Stimmt eher nicht,3, über  100 CHF,3, 1-2 CHF,1,Nein,4,Stimmt,1,Nein,4,Nein,4,1,Kein sichererer Messenger aber sonstige Schutzmassnahmen,2
30,17,3,Weiblich,2h-3h,3,9,Stimmt eher,2,Würde ich auch gratis machen,0,Ich würde auf die App verzichten,0,Ja,1,Stimmt,1,Weiss nicht,0,eher Ja,2,1,Kein sichererer Messenger aber sonstige Schutzmassnahmen,2
31,18,4,Maennlich,2h-3h,3,9,Stimmt eher nicht,3,Würde ich auch gratis machen,0, 1-2 CHF,1,eher Ja,2,Stimmt eher ,2,Weiss nicht,0,eher Nein,3,1,Kein sichererer Messenger aber sonstige Schutzmassnahmen,2
32,16,3,Maennlich,Mehr als 5h,6,36,Stimmt eher nicht,3, über  100 CHF,3,Mehr als 20 CHF,5,eher Ja,2,Stimmt eher ,2,Nein,4,Nein,4,1,Kein sichererer Messenger aber sonstige Schutzmassnahmen,2
33,16,3,Weiblich,3h-4h,4,16,Stimmt eher nicht,3, über  100 CHF,3,6-10 CHF,3,Ja,1,Stimmt eher nicht,3,eher Nein,3,eher Ja,2,0,Gar keine Massnahmen,3
34,17,3,Weiblich,Mehr als 5h,6,36,Stimmt eher nicht,3, 100 CHF,2, 1-2 CHF,1,Ja,1,Stimmt eher ,2,eher Nein,3,eher Ja,2,0,Gar keine Massnahmen,3
35,17,3,Weiblich,1h-2h,2,4,Stimmt eher,2, 20 CHF,1, 1-2 CHF,1,eher Nein,3,Stimmt,1,Nein,4,Nein,4,1,Aktiv sicherer Messenger,1
36,16,3,Weiblich,3h-4h,4,16,Stimmt eher,2, über  100 CHF,3,Mehr als 20 CHF,5,Ja,1,Stimmt eher nicht,3,eher Nein,3,eher Nein,3,0,Gar keine Massnahmen,3
37,17,3,Maennlich,2h-3h,3,9,Stimmt eher nicht,3, über  100 CHF,3,Mehr als 20 CHF,5,eher Ja,2,Stimmt eher nicht,3,Weiss nicht,0,Weiss nicht,0,1,Kein sichererer Messenger aber sonstige Schutzmassnahmen,2
38,16,3,Maennlich,4h-5h,5,25,Stimmt eher nicht,3, 100 CHF,2, 1-2 CHF,1,Ja,1,Stimmt eher ,2,Ja,1,Ja,1,1,Kein sichererer Messenger aber sonstige Schutzmassnahmen,2
39,16,3,Maennlich,3h-4h,4,16,Stimmt gar nicht,4, über  100 CHF,3,Mehr als 20 CHF,5,Ja,1,Stimmt,1,Nein,4,Nein,4,0,Gar keine Massnahmen,3
40,15,2,Maennlich,1h-2h,2,4,Stimmt eher nicht,3,50 CHF,1,6-10 CHF,3,eher Ja,2,Stimmt eher ,2,Weiss nicht,0,eher Nein,3,1,Kein sichererer Messenger aber sonstige Schutzmassnahmen,2
41,16,3,Weiblich,2h-3h,3,9,Stimmt eher nicht,3, über  100 CHF,3,3-5 CHF,2,Nein,4,Stimmt eher nicht,3,eher Ja,2,eher Ja,2,0,Gar keine Massnahmen,3
42,17,3,Maennlich,3h-4h,4,16,Stimmt ganz,1,Würde ich auch gratis machen,0,Ich würde auf die App verzichten,0,eher Ja,2,Stimmt,1,Nein,4,Nein,4,1,Kein sichererer Messenger aber sonstige Schutzmassnahmen,2
43,19,4,Maennlich,3h-4h,4,16,Stimmt gar nicht,4, über  100 CHF,3,Mehr als 20 CHF,5,Ja,1,Stimmt eher nicht,3,Weiss nicht,0,Ja,1,1,Kein sichererer Messenger aber sonstige Schutzmassnahmen,2
44,16,3,Weiblich,3h-4h,4,16,Stimmt eher nicht,3, über  100 CHF,3,6-10 CHF,3,Nein,4,Stimmt nicht,4,Nein,4,Nein,4,1,Kein sichererer Messenger aber sonstige Schutzmassnahmen,2
45,16,3,Maennlich,2h-3h,3,9,Stimmt eher,2, über  100 CHF,3,Mehr als 20 CHF,5,eher Ja,2,Stimmt eher ,2,eher Nein,3,Ja,1,1,Kein sichererer Messenger aber sonstige Schutzmassnahmen,2
46,16,3,Weiblich,Mehr als 5h,6,36,Stimmt eher nicht,3, über  100 CHF,3,Mehr als 20 CHF,5,Ja,1,Stimmt nicht,4,Weiss nicht,0,Ja,1,1,Kein sichererer Messenger aber sonstige Schutzmassnahmen,2
47,17,3,Weiblich,Mehr als 5h,6,36,Stimmt eher,2,Würde ich auch gratis machen,0,Mehr als 20 CHF,5,eher Ja,2,Stimmt,1,eher Nein,3,eher Nein,3,1,Kein sichererer Messenger aber sonstige Schutzmassnahmen,2
48,17,3,Maennlich,4h-5h,5,25,Stimmt eher nicht,3, über  100 CHF,3,Mehr als 20 CHF,5,Ja,1,Stimmt eher ,2,eher Ja,2,Ja,1,1,Kein sichererer Messenger aber sonstige Schutzmassnahmen,2
49,15,2,Maennlich,4h-5h,5,25,Stimmt eher,2,Würde ich auch gratis machen,0, 1-2 CHF,1,eher Ja,2,Stimmt,1,eher Nein,3,eher Nein,3,1,Kein sichererer Messenger aber sonstige Schutzmassnahmen,2
50,16,3,Weiblich,Mehr als 5h,6,36,Stimmt ganz,1,Würde ich auch gratis machen,0, 1-2 CHF,1,eher Nein,3,Stimmt eher ,2,Nein,4,Nein,4,1,Kein sichererer Messenger aber sonstige Schutzmassnahmen,2
51,16,3,Non-Binaer,Mehr als 5h,6,36,Stimmt eher nicht,3, über  100 CHF,3,Mehr als 20 CHF,5,Ja,1,Stimmt nicht,4,Nein,4,Ja,1,0,Gar keine Massnahmen,3
52,22,5,Maennlich,2h-3h,3,9,Stimmt eher,2,50 CHF,1,Ich würde auf die App verzichten,0,eher Nein,3,Stimmt eher ,2,Nein,4,Nein,4,1,Kein sichererer Messenger aber sonstige Schutzmassnahmen,2
53,14,2,Weiblich,Mehr als 5h,6,36,Stimmt gar nicht,4, 20 CHF,1,11-20 CHF,4,eher Ja,2,Stimmt eher ,2,Nein,4,eher Nein,3,1,Aktiv sicherer Messenger,1
54,16,3,Weiblich,2h-3h,3,9,Stimmt eher,2, 100 CHF,2,3-5 CHF,2,Ja,1,Stimmt eher nicht,3,Nein,4,Nein,4,1,Kein sichererer Messenger aber sonstige Schutzmassnahmen,2
55,17,3,Maennlich,1h-2h,2,4,Stimmt eher nicht,3, 100 CHF,2,11-20 CHF,4,Ja,1,Stimmt,1,Nein,4,eher Ja,2,1,Kein sichererer Messenger aber sonstige Schutzmassnahmen,2
56,18,4,Maennlich,Mehr als 5h,6,36,Stimmt gar nicht,4, über  100 CHF,3,Ich würde auf die App verzichten,0,Ja,1,Stimmt eher nicht,3,Ja,1,Ja,1,1,Kein sichererer Messenger aber sonstige Schutzmassnahmen,2
57,17,3,Maennlich,2h-3h,3,9,Stimmt eher nicht,3, 20 CHF,1,Ich würde auf die App verzichten,0,Ja,1,Stimmt eher ,2,Nein,4,eher Ja,2,1,Aktiv sicherer Messenger,1
58,51,6,Weiblich,3h-4h,4,16,Stimmt ganz,1,Würde ich auch gratis machen,0,Ich würde auf die App verzichten,0,eher Ja,2,Stimmt eher ,2,Nein,4,eher Nein,3,1,Aktiv sicherer Messenger,1
59,55,6,Maennlich,weniger als 1h,1,1,Stimmt eher,2, über  100 CHF,3,Ich würde auf die App verzichten,0,eher Nein,3,Stimmt eher nicht,3,Weiss nicht,0,Weiss nicht,0,1,Aktiv sicherer Messenger,1
60,16,3,Maennlich,1h-2h,2,4,Stimmt eher,2,50 CHF,1, 1-2 CHF,1,eher Ja,2,Stimmt,1,Nein,4,eher Nein,3,1,Aktiv sicherer Messenger,1
61,15,2,Maennlich,3h-4h,4,16,Stimmt gar nicht,4, 100 CHF,2,Mehr als 20 CHF,5,eher Nein,3,Stimmt eher ,2,Nein,4,Ja,1,1,Kein sichererer Messenger aber sonstige Schutzmassnahmen,2
62,16,3,Maennlich,3h-4h,4,16,Stimmt eher nicht,3, 20 CHF,1,3-5 CHF,2,eher Ja,2,Stimmt,1,eher Nein,3,eher Ja,2,1,Aktiv sicherer Messenger,1
63,16,3,Weiblich,1h-2h,2,4,Stimmt eher,2,Würde ich auch gratis machen,0,Ich würde auf die App verzichten,0,Nein,4,Stimmt eher ,2,eher Nein,3,eher Nein,3,1,Kein sichererer Messenger aber sonstige Schutzmassnahmen,2
64,15,2,Weiblich,1h-2h,2,4,Stimmt eher,2,10 CHF,1,Ich würde auf die App verzichten,0,eher Ja,2,Stimmt,1,Weiss nicht,0,Nein,4,0,Gar keine Massnahmen,3
65,17,3,Maennlich,3h-4h,4,16,Stimmt eher,2, 20 CHF,1,11-20 CHF,4,eher Ja,2,Stimmt eher ,2,Weiss nicht,0,eher Nein,3,1,Kein sichererer Messenger aber sonstige Schutzmassnahmen,2
66,15,2,Maennlich,2h-3h,3,9,Stimmt ganz,1,Würde ich auch gratis machen,0,Ich würde auf die App verzichten,0,eher Ja,2,Stimmt,1,Nein,4,Nein,4,1,Kein sichererer Messenger aber sonstige Schutzmassnahmen,2
67,14,2,Maennlich,3h-4h,4,16,Stimmt gar nicht,4,50 CHF,1,3-5 CHF,2,eher Ja,2,Stimmt eher ,2,Weiss nicht,0,eher Nein,3,1,Aktiv sicherer Messenger,1
68,47,6,Maennlich,1h-2h,2,4,Stimmt eher,2,Würde ich auch gratis machen,0,Ich würde auf die App verzichten,0,Nein,4,Stimmt eher nicht,3,Nein,4,Nein,4,0,Aktiv sicherer Messenger,1
69,15,2,Maennlich,Mehr als 5h,6,36,Stimmt eher nicht,3,50 CHF,1, 1-2 CHF,1,eher Ja,2,Stimmt eher ,2,Weiss nicht,0,eher Ja,2,0,Gar keine Massnahmen,3
70,14,2,Weiblich,1h-2h,2,4,Stimmt eher nicht,3,50 CHF,1, 1-2 CHF,1,Nein,4,Stimmt,1,Nein,4,eher Ja,2,0,Aktiv sicherer Messenger,1
71,39,6,Maennlich,1h-2h,2,4,Stimmt eher,2,Würde ich auch gratis machen,0,Mehr als 20 CHF,5,eher Ja,2,Stimmt eher nicht,3,Ja,1,eher Ja,2,0,Gar keine Massnahmen,3
72,15,2,Weiblich,4h-5h,5,25,Stimmt eher nicht,3, 100 CHF,2,Mehr als 20 CHF,5,Ja,1,Stimmt,1,Weiss nicht,0,eher Ja,2,0,Gar keine Massnahmen,3
73,49,6,Maennlich,2h-3h,3,9,Stimmt eher,2, 100 CHF,2,Ich würde auf die App verzichten,0,eher Nein,3,Stimmt,1,Nein,4,Nein,4,1,Aktiv sicherer Messenger,1
74,18,4,Maennlich,3h-4h,4,16,Stimmt eher,2, 20 CHF,1,Ich würde auf die App verzichten,0,eher Ja,2,Stimmt eher ,2,Nein,4,eher Nein,3,1,Aktiv sicherer Messenger,1
75,15,2,Weiblich,2h-3h,3,9,Stimmt eher,2,Würde ich auch gratis machen,0,3-5 CHF,2,eher Ja,2,Stimmt,1,eher Nein,3,eher Ja,2,0,Gar keine Massnahmen,3
76,27,5,Weiblich,weniger als 1h,1,1,Stimmt eher,2,Würde ich auch gratis machen,0,Ich würde auf die App verzichten,0,eher Ja,2,Stimmt,1,Nein,4,Weiss nicht,0,1,Aktiv sicherer Messenger,1
77,29,5,Weiblich,1h-2h,2,4,Stimmt eher,2, über  100 CHF,3,11-20 CHF,4,Ja,1,Stimmt eher nicht,3,eher Nein,3,eher Nein,3,0,Gar keine Massnahmen,3
78,15,2,Weiblich,1h-2h,2,4,Stimmt ganz,1,Würde ich auch gratis machen,0,Mehr als 20 CHF,5,eher Ja,2,Stimmt eher ,2,Weiss nicht,0,Nein,4,1,Aktiv sicherer Messenger,1
79,46,6,Maennlich,1h-2h,2,4,Stimmt eher,2,Würde ich auch gratis machen,0,3-5 CHF,2,eher Ja,2,Stimmt,1,Nein,4,Weiss nicht,0,0,Aktiv sicherer Messenger,1
80,16,3,Maennlich,3h-4h,4,16,Stimmt eher nicht,3,50 CHF,1,3-5 CHF,2,Nein,4,Stimmt eher ,2,Nein,4,eher Ja,2,1,Kein sichererer Messenger aber sonstige Schutzmassnahmen,2
81,19,4,Maennlich,2h-3h,3,9,Stimmt ganz,1,50 CHF,1,Ich würde auf die App verzichten,0,eher Nein,3,Stimmt eher ,2,Nein,4,eher Nein,3,1,Aktiv sicherer Messenger,1
82,50,6,Weiblich,2h-3h,3,9,Stimmt eher nicht,3, über  100 CHF,3,Ich würde auf die App verzichten,0,Ja,1,Stimmt nicht,4,eher Ja,2,eher Ja,2,1,Kein sichererer Messenger aber sonstige Schutzmassnahmen,2
83,50,6,Weiblich,weniger als 1h,1,1,Stimmt ganz,1, über  100 CHF,3,Ich würde auf die App verzichten,0,Ja,1,Stimmt eher nicht,3,eher Ja,2,eher Ja,2,1,Kein sichererer Messenger aber sonstige Schutzmassnahmen,2
84,52,6,Weiblich,1h-2h,2,4,Stimmt ganz,1,Würde ich auch gratis machen,0,Ich würde auf die App verzichten,0,eher Ja,2,Stimmt eher nicht,3,Nein,4,Nein,4,1,Kein sichererer Messenger aber sonstige Schutzmassnahmen,2
85,53,6,Weiblich,1h-2h,2,4,Stimmt eher nicht,3,50 CHF,1,3-5 CHF,2,Ja,1,Stimmt,1,eher Nein,3,eher Nein,3,0,Gar keine Massnahmen,3
86,50,6,Maennlich,1h-2h,2,4,Stimmt eher,2, über  100 CHF,3,Mehr als 20 CHF,5,Ja,1,Stimmt nicht,4,Nein,4,Nein,4,1,Aktiv sicherer Messenger,1
87,38,6,Weiblich,3h-4h,4,16,Stimmt eher,2, über  100 CHF,3,6-10 CHF,3,eher Ja,2,Stimmt eher ,2,eher Nein,3,eher Nein,3,0,Gar keine Massnahmen,3
88,15,2,Weiblich,4h-5h,5,25,Stimmt eher,2,50 CHF,1, 1-2 CHF,1,Nein,4,Stimmt,1,Nein,4,eher Ja,2,1,Kein sichererer Messenger aber sonstige Schutzmassnahmen,2
89,41,6,Maennlich,2h-3h,3,9,Stimmt eher,2, über  100 CHF,3,Mehr als 20 CHF,5,eher Ja,2,Stimmt,1,eher Nein,3,eher Nein,3,1,Aktiv sicherer Messenger,1
90,25,5,Weiblich,weniger als 1h,1,1,Stimmt eher,2,Würde ich auch gratis machen,0,Ich würde auf die App verzichten,0,eher Ja,2,Stimmt,1,eher Nein,3,eher Nein,3,1,Aktiv sicherer Messenger,1
91,42,6,Weiblich,1h-2h,2,4,Stimmt eher,2, 100 CHF,2,Ich würde auf die App verzichten,0,eher Nein,3,Stimmt eher ,2,Nein,4,Nein,4,0,Gar keine Massnahmen,3
92,43,6,Weiblich,1h-2h,2,4,Stimmt ganz,1,Würde ich auch gratis machen,0,Ich würde auf die App verzichten,0,Ja,1,Stimmt,1,Nein,4,Nein,4,1,Aktiv sicherer Messenger,1
93,46,6,Maennlich,weniger als 1h,1,1,Stimmt eher,2,Würde ich auch gratis machen,0,3-5 CHF,2,Ja,1,Stimmt eher ,2,eher Nein,3,Weiss nicht,0,1,Kein sichererer Messenger aber sonstige Schutzmassnahmen,2
94,47,6,Weiblich,1h-2h,2,4,Stimmt ganz,1,50 CHF,1, 1-2 CHF,1,Nein,4,Stimmt eher nicht,3,eher Nein,3,Weiss nicht,0,1,Kein sichererer Messenger aber sonstige Schutzmassnahmen,2
95,52,6,Weiblich,weniger als 1h,1,1,Stimmt eher,2,Würde ich auch gratis machen,0,Ich würde auf die App verzichten,0,Ja,1,Stimmt,1,eher Nein,3,eher Nein,3,0,Gar keine Massnahmen,3
96,17,3,Maennlich,Mehr als 5h,6,36,Stimmt ganz,1,Würde ich auch gratis machen,0,3-5 CHF,2,eher Ja,2,Stimmt,1,Nein,4,Nein,4,1,Kein sichererer Messenger aber sonstige Schutzmassnahmen,2
97,29,5,Weiblich,1h-2h,2,4,Stimmt eher nicht,3, 100 CHF,2,Mehr als 20 CHF,5,Nein,4,Stimmt eher nicht,3,Nein,4,Nein,4,1,Aktiv sicherer Messenger,1
98,56,6,Maennlich,weniger als 1h,1,1,Stimmt eher,2,Würde ich auch gratis machen,0,Ich würde auf die App verzichten,0,Nein,4,Stimmt eher ,2,Weiss nicht,0,Weiss nicht,0,0,Gar keine Massnahmen,3
99,26,5,Weiblich,2h-3h,3,9,Stimmt eher,2, 100 CHF,2,3-5 CHF,2,Ja,1,Stimmt eher ,2,eher Ja,2,eher Nein,3,1,Aktiv sicherer Messenger,1
100,16,3,Maennlich,4h-5h,5,25,Stimmt eher nicht,3,Würde ich auch gratis machen,0,11-20 CHF,4,Ja,1,Stimmt,1,Nein,4,Nein,4,0,Gar keine Massnahmen,3
101,15,2,Weiblich,1h-2h,2,4,Stimmt gar nicht,4, 100 CHF,2,Mehr als 20 CHF,5,Ja,1,Stimmt eher nicht,3,eher Nein,3,eher Ja,2,0,Aktiv sicherer Messenger,1
102,16,3,Weiblich,2h-3h,3,9,Stimmt ganz,1,50 CHF,1,Ich würde auf die App verzichten,0,eher Ja,2,Stimmt,1,eher Ja,2,eher Ja,2,1,Kein sichererer Messenger aber sonstige Schutzmassnahmen,2
103,15,2,Maennlich,1h-2h,2,4,Stimmt eher nicht,3,Würde ich auch gratis machen,0,6-10 CHF,3,Ja,1,Stimmt,1,Weiss nicht,0,eher Ja,2,1,Kein sichererer Messenger aber sonstige Schutzmassnahmen,2
104,16,3,Maennlich,4h-5h,5,25,Stimmt eher nicht,3, über  100 CHF,3,3-5 CHF,2,Ja,1,Stimmt eher ,2,eher Nein,3,eher Nein,3,1,Kein sichererer Messenger aber sonstige Schutzmassnahmen,2
105,15,2,Maennlich,3h-4h,4,16,Stimmt eher,2,Würde ich auch gratis machen,0, 1-2 CHF,1,eher Ja,2,Stimmt,1,Weiss nicht,0,eher Ja,2,0,Aktiv sicherer Messenger,1
106,16,3,Weiblich,Mehr als 5h,6,36,Stimmt eher nicht,3,Würde ich auch gratis machen,0,Ich würde auf die App verzichten,0,Ja,1,Stimmt,1,Weiss nicht,0,Ja,1,0,Gar keine Massnahmen,3
107,16,3,Maennlich,3h-4h,4,16,Stimmt gar nicht,4,50 CHF,1,Ich würde auf die App verzichten,0,eher Nein,3,Stimmt eher nicht,3,Nein,4,Nein,4,1,Aktiv sicherer Messenger,1
108,15,2,Maennlich,2h-3h,3,9,Stimmt eher nicht,3, über  100 CHF,3,11-20 CHF,4,Nein,4,Stimmt,1,Weiss nicht,0,Ja,1,1,Aktiv sicherer Messenger,1
109,16,3,Weiblich,Mehr als 5h,6,36,Stimmt eher,2,50 CHF,1,11-20 CHF,4,eher Nein,3,Stimmt,1,Nein,4,eher Ja,2,1,Kein sichererer Messenger aber sonstige Schutzmassnahmen,2
110,16,3,Weiblich,4h-5h,5,25,Stimmt ganz,1, über  100 CHF,3,Ich würde auf die App verzichten,0,Nein,4,Stimmt eher nicht,3,Nein,4,eher Nein,3,1,Kein sichererer Messenger aber sonstige Schutzmassnahmen,2
111,16,3,Maennlich,2h-3h,3,9,Stimmt eher nicht,3, 100 CHF,2,11-20 CHF,4,Ja,1,Stimmt eher nicht,3,Nein,4,eher Ja,2,1,Kein sichererer Messenger aber sonstige Schutzmassnahmen,2
112,16,3,Maennlich,1h-2h,2,4,Stimmt eher nicht,3,Würde ich auch gratis machen,0,Ich würde auf die App verzichten,0,Ja,1,Stimmt eher nicht,3,Nein,4,Nein,4,0,Aktiv sicherer Messenger,1
113,15,2,Weiblich,2h-3h,3,9,Stimmt eher nicht,3, über  100 CHF,3,11-20 CHF,4,eher Nein,3,Stimmt eher ,2,Weiss nicht,0,eher Ja,2,0,Gar keine Massnahmen,3
114,16,3,Weiblich,3h-4h,4,16,Stimmt eher nicht,3, 100 CHF,2,3-5 CHF,2,Ja,1,Stimmt,1,Nein,4,eher Nein,3,0,Gar keine Massnahmen,3
115,16,3,Weiblich,2h-3h,3,9,Stimmt eher nicht,3,Würde ich auch gratis machen,0, 1-2 CHF,1,eher Ja,2,Stimmt eher nicht,3,eher Ja,2,eher Ja,2,1,Kein sichererer Messenger aber sonstige Schutzmassnahmen,2
116,15,2,Maennlich,Mehr als 5h,6,36,Stimmt eher nicht,3, über  100 CHF,3,Ich würde auf die App verzichten,0,Ja,1,Stimmt eher nicht,3,Nein,4,eher Nein,3,1,Kein sichererer Messenger aber sonstige Schutzmassnahmen,2
117,15,2,Maennlich,Mehr als 5h,6,36,Stimmt eher nicht,3, 20 CHF,1,Ich würde auf die App verzichten,0,Ja,1,Stimmt,1,Weiss nicht,0,eher Ja,2,1,Kein sichererer Messenger aber sonstige Schutzmassnahmen,2
119,16,3,Maennlich,2h-3h,3,9,Stimmt eher nicht,3,50 CHF,1,11-20 CHF,4,Ja,1,Stimmt,1,eher Ja,2,eher Ja,2,0,Gar keine Massnahmen,3
120,16,3,Weiblich,2h-3h,3,9,Stimmt eher nicht,3, über  100 CHF,3,3-5 CHF,2,eher Ja,2,Stimmt,1,eher Ja,2,eher Nein,3,0,Gar keine Massnahmen,3
121,15,2,Weiblich,3h-4h,4,16,Stimmt eher nicht,3, 100 CHF,2,6-10 CHF,3,eher Ja,2,Stimmt eher ,2,eher Nein,3,eher Nein,3,1,Kein sichererer Messenger aber sonstige Schutzmassnahmen,2
122,15,2,Maennlich,3h-4h,4,16,Stimmt eher,2, über  100 CHF,3,3-5 CHF,2,eher Ja,2,Stimmt eher nicht,3,eher Nein,3,eher Nein,3,1,Kein sichererer Messenger aber sonstige Schutzmassnahmen,2
123,16,3,Maennlich,2h-3h,3,9,Stimmt eher,2,50 CHF,1,Ich würde auf die App verzichten,0,eher Ja,2,Stimmt eher ,2,Nein,4,eher Nein,3,1,Aktiv sicherer Messenger,1
124,15,2,Weiblich,3h-4h,4,16,Stimmt eher,2,Würde ich auch gratis machen,0,Ich würde auf die App verzichten,0,Nein,4,Stimmt,1,Weiss nicht,0,eher Ja,2,0,Gar keine Massnahmen,3
125,14,2,Weiblich,1h-2h,2,4,Stimmt eher nicht,3, 100 CHF,2,3-5 CHF,2,eher Nein,3,Stimmt,1,Weiss nicht,0,eher Ja,2,0,Gar keine Massnahmen,3
126,15,2,Weiblich,Mehr als 5h,6,36,Stimmt gar nicht,4, über  100 CHF,3,11-20 CHF,4,eher Ja,2,Stimmt,1,Nein,4,eher Ja,2,0,Gar keine Massnahmen,3
127,17,3,Maennlich,3h-4h,4,16,Stimmt eher nicht,3,Würde ich auch gratis machen,0,Ich würde auf die App verzichten,0,Nein,4,Stimmt,1,Nein,4,eher Nein,3,1,Kein sichererer Messenger aber sonstige Schutzmassnahmen,2
128,16,3,Weiblich,3h-4h,4,16,Stimmt eher nicht,3, über  100 CHF,3,Ich würde auf die App verzichten,0,Ja,1,Stimmt eher ,2,Weiss nicht,0,eher Nein,3,0,Aktiv sicherer Messenger,1
129,14,2,Weiblich,3h-4h,4,16,Stimmt eher,2, über  100 CHF,3,Ich würde auf die App verzichten,0,Nein,4,Stimmt eher ,2,Weiss nicht,0,eher Nein,3,0,Gar keine Massnahmen,3